<?xml version="1.0" encoding="UTF-8"?>
<project-private xmlns="http://www.netbeans.org/ns/project-private/1">
    <editor-bookmarks xmlns="http://www.netbeans.org/ns/editor-bookmarks/2" lastBookmarkId="0"/>
    <open-files xmlns="http://www.netbeans.org/ns/projectui-open-files/2">
        <group>
            <file>file:/G:/CODE%20STATION/CHUYEN%20NGANH%203/CSD201/Linked%20List%20Exercises/Linked%20List%20Exercises/src/DoubleLinkedList/ShoppingCartApplication.java</file>
            <file>file:/G:/CODE%20STATION/CHUYEN%20NGANH%203/CSD201/Linked%20List%20Exercises/Linked%20List%20Exercises/src/CircularLinkedList/MultiPlayerGameQueue.java</file>
        </group>
    </open-files>
</project-private>
