<?xml version="1.0" encoding="UTF-8"?>
<project-private xmlns="http://www.netbeans.org/ns/project-private/1">
    <editor-bookmarks xmlns="http://www.netbeans.org/ns/editor-bookmarks/2" lastBookmarkId="0"/>
    <open-files xmlns="http://www.netbeans.org/ns/projectui-open-files/2">
        <group>
            <file>file:/C:/Users/Admin/Desktop/SP24/CSD201/Assignment/src/model/SolarSystemObject.java</file>
            <file>file:/C:/Users/Admin/Desktop/SP24/CSD201/Assignment/src/view/View.java</file>
            <file>file:/C:/Users/Admin/Desktop/SP24/CSD201/Assignment/src/controller/SolarSystemController.java</file>
            <file>file:/C:/Users/Admin/Desktop/SP24/CSD201/Assignment/src/Main.java</file>
            <file>file:/C:/Users/Admin/Desktop/SP24/CSD201/Assignment/src/model/MassOrderedBST.java</file>
        </group>
    </open-files>
</project-private>
